,MAE,RMSE,MAPE
ARIMA,54.46835301678495,70.82100435911718,17.249882928379485
LSTM,12.572747708592749,16.272815798888363,3.562492292354633
